,output.answer_value,aqs,aqs_initial
agree,22098,0.7292783716344018,0.5813590997505775
uncertain,28489,0.7187353638177121,0.5559082452964913
disagree,12969,0.5455855475843535,0.42629317032404185
partially_agree,11073,0.25291331652178206,0.24047487415994603
